# Davide Borghini, Daniele Bedini
# Diehard Tikhonov Fanboys
# ML-CUP23
# Submission Date 30/01/2024
1,9.153959740881705,8.86245671564095,19.54979125590815
2,9.256166496009753,-36.28914013246879,33.74469086632435
3,9.62482173587612,5.36815046199955,19.93135826314584
4,-14.107695727652128,9.530625015739735,24.76426479085203
5,-49.44374730974653,7.967250739589472,30.700761756905322
6,9.15477974064722,8.72745636024174,13.266083300512957
7,9.36934991600606,8.15955335016819,13.382668928210927
8,8.002005908694658,9.050778132491418,6.9543398162890515
9,4.579117851696717,9.485474493548297,6.495091426202228
10,-38.397746779326354,8.8650787162401,24.279574955216447
11,5.738964821086869,9.554613666283297,12.941964206052152
12,8.674289504983685,-46.773494018437724,14.96264907379631
13,-11.286996382175799,-62.57806987155543,16.19785584488752
14,-23.50915050916702,-51.36800078214412,9.96304284425733
15,-68.84939674199121,-4.6518605018795185,4.709552361610275
16,9.624218517704355,-16.042271049961208,8.00744251360999
17,-6.991645316502821,-69.47155141604391,8.815649499919848
18,9.758064656467097,-29.311107339867128,33.2510523793809
19,9.52377094513223,6.66701518687792,13.652086533544818
20,7.805793387970551,-53.92064208855998,15.121010326885555
21,6.9486192871889845,-59.02676936422273,2.663365891943039
22,9.250648712648273,-26.296621788949736,21.072634291158657
23,-48.808320636801696,8.390490593784,24.01944683606698
24,-70.57904136866986,-1.2774251449541225,17.107657865173195
25,6.010441131107113,-62.925618548593704,2.737799001357889
26,9.58058072852551,-5.952731876748281,8.101997944722573
27,8.045184785972223,-53.8710970412018,2.4467082633826127
28,4.94488174435722,-66.21630065310137,28.249416540247758
29,9.485748015742553,-5.0397221046491865,8.02088914183523
30,9.218567174805182,8.27051120266533,25.765936044050378
31,9.491680116478244,-5.830126787048943,20.78913308422863
32,4.41065168578222,9.492517501354838,6.47128925243025
33,5.18020514612507,9.433455755854444,0.25072339505028296
34,-5.712971021929841,-69.11584157823762,15.524667594499682
35,-63.38388367449681,-11.644235081637003,29.83904838069619
36,-10.301001332067186,-64.90539441692154,28.58370161035255
37,6.101582780267281,-60.82918711589375,34.328515149309396
38,-55.29274498774463,-20.320834204253956,16.891002153354055
39,1.7716331259276448,-70.3821113043857,34.64120283348456
40,6.967273817228202,-60.96027111797483,8.863578552245073
41,-68.52733195097345,4.37940829202943,10.773495494947046
42,0.6098571519940741,9.4591707919593,18.795097299405533
43,3.2574712055693382,-68.91480043718902,9.473359181996578
44,7.446991415395752,9.594232075827689,19.324144900164505
45,6.802584326879321,-60.16406341454733,15.236744824298334
46,7.561492061031048,9.983474307164181,32.146702891853465
47,-1.0347134178096535,-70.44767252714793,9.439997746509185
48,2.3890070973641073,9.686973532722002,12.72707718104489
49,5.762088935018847,9.42216651510038,0.2790846684712065
50,8.426237839247753,-52.93374736085112,27.694940795358995
51,-71.02971354414755,2.587313241042617,23.582021984874476
52,-40.56678434773438,-33.49322480907128,16.24552247208414
53,-53.79141851249412,-21.083374117769875,4.25157058367812
54,-65.55520598484907,5.777928293572105,17.52493524387249
55,-0.9822647354372602,9.440878726108759,18.853350604854285
56,4.486266816019404,9.48903375203565,6.481405548507372
57,9.25482171765494,-35.8351142518577,8.489656127795838
58,9.045509966713164,0.6166238716755768,1.567751258624261
59,4.546349233175913,-67.34115023499223,9.226070607224734
60,-47.39528849792412,8.354816559896706,11.74834237772291
61,5.9404720754123606,-61.56602998330288,34.42919256992829
62,5.656193207019042,-64.17860798572032,2.762740320024516
63,9.081141592391754,-35.73654220763832,21.343646618461435
64,9.449349022726489,6.73826367287108,1.313071949842751
65,-39.33081756867642,-34.77761706613748,4.0277278720725
66,-29.99082002277052,-45.02039784404037,10.04942324808922
67,5.5294684338842135,-65.00153236606403,15.331370764948813
68,-41.735370489060294,-41.96993894711459,24.392414616868223
69,9.254766316606121,2.6917660109446135,1.4155307475696137
70,-38.143770447285654,8.881636577857309,24.305275397031846
71,-58.42812448771945,7.0750374817061665,17.755887496362416
72,9.740582814616731,-13.33779821714983,20.44365867175087
73,8.26533216615841,-48.84796357714255,9.043034590581229
74,-3.4293375070694765,9.69908099945694,25.199419634518364
75,7.29825396903127,9.19466109450447,6.871703538916021
76,-71.60616630563786,6.699767546385333,17.831390139217483
77,9.907025667571117,-6.5877880761993435,26.914088225973536
78,-23.640186010595187,-51.22068829327979,9.987080468422613
79,9.390114402415668,-7.731529332631975,14.59170744506063
80,8.780661819170982,-22.72850299993143,2.3693257918752817
81,-61.264627846990734,6.585820152080773,17.610744296550962
82,-61.51212806998325,-13.34627386946341,4.24022879299978
83,9.45388275422991,4.629259344036411,7.762047401778185
84,8.90884954060043,8.45115783549459,7.170041886888196
85,9.35091943978656,8.17436453895798,19.63446470433786
86,-68.62391975286367,4.44552317133479,30.146997183456584
87,-31.785190991278753,-42.39351342876501,16.180259166785078
88,6.8196219809925385,9.437687292131928,0.40572090846642084
89,9.81834595753927,-3.8855051715438655,26.876751482629025
90,-17.308782201017106,-59.25534505244338,3.613762353144015
91,-18.99836881059362,9.695390264517842,24.711158462569664
92,8.879858561667534,-46.976730144770094,20.827858310724665
93,-63.82821889010725,-10.863038792351972,4.323943600925698
94,-55.33222663727564,8.022328299721226,5.413887543086618
95,-37.86434088609261,9.090055732113976,17.53811415605585
96,-1.3019561202174597,9.816858563670964,25.340283246135712
97,4.516703620080742,-66.97804406257448,21.422778134503563
98,9.88545600996781,-6.751041163505951,1.7400157888590115
99,-65.17350966103768,5.896935981217519,17.55866740742726
100,2.449798378637908,-70.74956134915868,28.317109462581286
101,8.325334213044863,9.873166743510899,32.19553711800056
102,9.173787282991482,-16.038135331602128,1.9865744129759921
103,9.39010038039101,3.6291398342060557,14.026938423089303
104,-7.147684752269713,-66.89853751103713,28.300628500976323
105,2.0090315535514804,-70.51002080804588,15.823626524170548
106,10.325779023901854,-32.14188571648218,1.8305088353540206
107,9.442725886257028,6.705955582615312,1.313279902173285
108,-51.576558381003515,-23.003982134045863,22.914119620775978
109,-70.12573380084444,-2.8964733565027796,4.596530931937533
110,-8.532815787117352,9.270667261979439,6.000898191894441
111,-65.27623779470701,5.793793891980732,30.138320785286226
112,9.611895152317116,-12.820078044020924,8.25334643978023
113,9.527413051964567,6.6728184118550065,13.65088281695761
114,-71.76932745765386,1.2711403869672306,4.660491243191084
115,4.939256989895286,9.445496444805665,0.243797405131307
116,-62.21818243279121,-12.690223043334052,4.248793563685574
117,0.41939244880402526,9.03519557501904,6.315509640791063
118,9.367782499307667,0.27872115106049833,7.8945013408815985
119,-25.271515755103746,-49.185510004466465,22.27589330635596
120,9.085249380860764,0.9535544652458601,1.551626526460355
121,-54.98579542825739,7.7463586479691084,23.854687870923723
122,8.750011232176055,-42.177513970205105,15.037679836189039
123,-7.694635272689259,9.74098724893089,18.775076903213794
124,-66.9949779671964,5.837496990730953,24.069786154192084
125,2.4160039290942734,-70.13474637455538,15.820633593168976
126,5.310860674190364,-65.38278507784509,28.18957940721684
127,-10.023096579447715,9.683368682087318,18.706598463515416
128,9.251612358011313,2.9282023193383164,7.793173461313046
129,6.670432283893662,-60.262454529261774,2.6916003472182073
130,9.352173816179478,3.41977535797197,1.3973000582139576
131,9.534942909251813,-15.333308394481117,20.423267200539417
132,-69.23359840986528,-4.275690244348365,16.55023764171897
133,8.397477723827807,9.49643633532842,19.413830241993207
134,2.844284289273798,9.525764245425107,31.796454641645845
135,-25.958635096630204,-48.87933309912,9.971738152749356
136,8.889356852307111,9.653626704078794,32.25936062760237
137,-46.72775965392124,8.565201224108625,24.09205346772933
138,-68.73580597820435,-4.819521808019772,4.698786364905557
139,-57.23708807794099,7.8961597275501365,5.38272850050587
140,-8.351548436166075,-66.57329333213953,34.85989994435141
141,-49.87537583019774,7.88261319531067,5.206141295987878
142,7.802287994254785,9.366754468047484,12.946258739453018
143,9.790828222963421,-8.84951271027999,8.380183838925506
144,-69.8823439649723,-3.302166178170916,23.157140253321298
145,8.217186985839641,-52.769815153560906,2.388879782204718
146,-62.240671755577694,-12.691036043301438,4.248786234131691
147,8.85690276315004,8.546001274945452,7.148301628165617
148,-30.027674498287347,9.283698790303452,30.85703493782045
149,-56.469966338870776,8.772420710291202,10.564902552132299
150,-70.2404428767297,-2.900649517830278,10.819627545401243
151,-67.27122319960448,-8.325716362497293,23.72990295720294
152,9.352191415087821,6.80399110164309,25.967059166102842
153,7.655823498837682,9.971553621017064,32.151484578627
154,5.606717928414417,9.441803918366405,6.660443022197406
155,6.388914389847768,-59.56919781289559,34.21252619907937
156,9.405556541351823,-15.16053756235677,33.54313334768561
157,5.603818277202903,9.562292692648532,12.944326551666059
158,7.923088046002823,9.578976430474901,19.36572985330592
159,4.459056821093599,9.493133442551104,6.477032779179437
160,-62.193928744995354,-12.636378280780338,10.778874631338471
161,-6.296991645642999,-67.26080938850808,28.22224879261004
162,-12.046219374784881,-61.62738282015993,16.257598783285694
163,9.323816298125044,6.63774425194544,7.435897463573356
164,-18.527047967967093,9.712243270047415,31.097227614703797
165,-23.314772498720345,-51.015821751858894,28.93116929785043
166,7.113940763515304,-56.735479271481786,34.01594041432254
167,-65.34630112356473,6.599250362339186,10.993371437388717
168,-61.038292297497236,7.50701048264551,5.199653348203082
169,-68.31856723640227,5.094390408112867,4.815832394806817
170,-43.07758255680685,-32.6307074633876,29.17510261343257
171,-39.13752186963823,8.63750929549923,30.421739733277292
172,-67.18762228003659,-7.310655028203351,10.55329818267276
173,-30.157043627590042,9.127312548487572,11.862627777918735
174,-41.78096170397208,-32.187537836166136,16.260012829325582
175,-16.811172687251947,-57.86967320974762,9.82883852335914
176,2.9050493195968503,9.681396127658425,12.753207722140601
177,-56.78943837798586,-19.093044258858324,16.773128806064005
178,9.566333366982269,-4.198095627410213,33.018208137477444
179,9.306141184204586,3.3159757288218668,7.799913832917195
180,-34.95196867907974,-39.66348358533938,9.908804357258498
181,7.530271432737512,-55.65154438243033,21.54627223950293
182,10.121118619261145,-25.609337802467493,8.541346519336368
183,-63.430087846682476,-11.559392852868243,29.836023854835062
184,-4.781513422494289,9.041619227904844,12.049552221910709
185,-21.737344984781007,-53.05760192589769,22.885690179710164
186,5.887076491810822,-63.35315679814364,2.7459969347083106
187,-46.63410047468167,-27.991303322296748,4.044230749028905
188,-9.591271645117144,-67.81806098461796,22.433830714975112
189,-13.864277885003595,-62.181756985945384,22.446087417731377
190,-61.49771787977969,-14.458671940748127,29.549460842092827
191,8.786050181387,-40.864320634187685,15.015617671504078
192,9.00330201756111,-37.18180249721323,14.848768177263153
193,-27.68897927973081,-46.779567146235784,22.279529484032988
194,-70.78547572388472,0.07857575984573195,29.783270212522368
195,7.919549852972535,-54.15906540636053,21.405039033731303
196,9.139380942310028,1.7159658789958616,1.4882852051253614
197,9.45035301255614,4.797500077165589,7.743414461223768
198,-68.65602748337608,-5.249436623068512,16.358617586558978
199,8.760920476428117,9.126023484363492,13.133084030380132
200,-1.353755342905746,9.81803864037323,25.34077979513387
201,8.511723502606563,-46.97997859973647,8.754059742207357
202,7.994565977171211,9.937269753571586,32.17185454065451
203,-70.03875552861541,-3.031283515716755,4.614674022568778
204,-9.509677667724478,9.282910030682478,6.021082594662024
205,7.8254260209485995,-54.4894506404013,21.436473944249375
206,3.5221205527657045,9.594139452597934,31.874515594325516
207,-55.93039552490382,-18.51943094327081,10.634105350031621
208,-35.651055838482975,8.901193169841635,12.076925617546369
209,-13.16817988819693,9.345742770760085,5.828122388435856
210,-68.07444594555685,-6.412274328126479,10.4179300327906
211,9.913748413422192,-28.484868739369347,8.775539009726037
212,0.7876369218372368,-70.42145077086064,9.375028628078136
213,9.439127828116723,6.84499788292864,1.312035020081117
214,-8.857026421598881,-66.28562153634323,9.701802730608552
215,8.84240175833167,9.06025051015264,13.157906455507925
216,4.48403156551371,-67.41236567089953,9.24323890857056
217,-30.638657216561583,-44.36352813966583,3.705323104866306
218,-36.86901113831553,9.100494372487764,17.514941951928606
219,9.324260985137728,7.2871029951453306,25.922105247294105
220,9.7854948892299,-9.105109965718764,8.38377923450194
221,9.257285173874605,8.582542322235744,19.587126292218215
222,5.172163844860217,9.599836312900878,12.936755263329443
223,-70.67519065788028,-0.8445832704207348,29.601974426125345
224,-31.12042028583936,-42.971567171676135,16.197817135806368
225,-70.76070931209344,-0.21631054503086844,29.717201865124217
226,-70.07258390503667,3.258794734738318,18.213390018917657
227,-30.011556702068653,9.147547144801822,11.85409184188894
228,9.563952005633483,1.546699415732311,32.63576586162785
229,9.055426289231223,8.543842594881573,1.1420801568464878
230,-52.3725814631396,8.004431172423784,23.825430816320605
231,1.0441218886223176,9.479112031905382,18.811703997499443
232,-23.105044657938365,9.164303281727188,11.828266383862069
233,7.531580542561196,9.140275043682587,6.897626050956934
234,-13.508201582847477,-62.35964555542865,28.570568177872133
235,-59.96102291225589,-16.311628242673564,29.586907227112917
236,-69.19369185681347,-4.165495412943278,4.720093000995689
237,-22.06169382890684,-52.788022779704264,22.7909002803989
238,-3.4457698090228686,9.688187431443358,25.196192151025638
239,7.901575579215928,9.0704320315513,6.942547301709942
240,9.577965806742801,-1.1771221825867233,14.198182228507175
241,-70.75796241310044,-1.5107455637898006,11.048424624944747
242,1.5300405332841844,9.654203361791998,12.68467051732426
243,-41.23850964549794,-32.42122784509962,10.415230412756662
244,9.180777071657635,7.527970867698707,7.307234259828297
245,-66.52944127826012,6.171215374038306,4.904803048831917
246,-26.14433753094562,-48.70704134433909,9.960881415627004
247,9.095502562252173,-35.60166481237418,21.346374752819784
248,-71.2219600343269,0.9126053797432601,23.210759008470124
249,-55.935342669784234,7.677616856100743,23.891453394625753
250,9.71363817981163,-21.632060517670247,26.726750996373916
251,-5.290450344206135,9.596783667747578,18.81463627563945
252,-15.539112865972802,9.456660103517025,5.811531829913708
253,9.727573197452548,-11.719740963683224,14.46822605528343
254,9.102756722465903,-35.51000502919476,21.34759673183619
255,7.655636557500854,-54.800222488006746,15.145130934761083
256,3.6714174032512084,-68.55453742134303,15.664346953065255
257,-25.47776704381947,-49.69940627679373,16.221988432298645
258,0.11992929873019342,9.776327564741942,25.313207195770445
259,9.710024575266461,-11.890245146586057,27.124093186708528
260,8.86985887871995,-38.89246131004385,21.207905744924638
261,-9.40584605618049,9.172054947230587,30.949629553862785
262,2.529112504366701,-69.59434608916214,9.47322093570033
263,9.830323451693596,-1.7336025310472323,26.68643085291511
264,5.544570365606178,9.58436013229782,12.944756987643428
265,9.254744852494769,8.0993384295731,25.79933633824303
266,9.589867339739461,-9.608810380262927,27.14358832863055
267,-38.715628578216744,-35.50361169565909,3.9455919056483175
268,-12.020403441919715,9.317214170082432,5.914196889974116
269,-44.93952561434124,-29.968168126288884,23.23935311846614
270,6.82265946803904,9.588025999164094,19.269554994705743
271,7.4947305434271865,-57.61806850840032,9.069848856612762
272,9.871053635038022,-12.692468739967678,27.139460148991297
273,-50.379140253683246,-23.969412798745687,22.864490848281253
274,-64.08308752620326,-10.635366869187887,29.80033524858112
275,2.323098885858121,9.483271571292091,18.91064542232788
276,-34.023583312082835,9.109190636424286,17.67881693707331
277,10.031470571622831,-22.02518222066266,8.285653003364773
278,1.2084123055934128,-71.63121031418028,28.246979570768133
279,5.732691170186106,-62.60554383401907,34.580157661419975
280,8.024707043295779,-51.53849281442023,9.25722703429242
281,9.6219938171344,-13.152817301486404,8.25411344869467
282,-21.533942087930953,9.24672265242283,11.88543205288686
283,-37.64793408711649,-37.383516416154315,29.334083543884063
284,-70.25904905828011,-2.1467317886899817,29.54908069531823
285,5.692496232934504,9.421737011940492,0.27467259229570473
286,-71.23578079335114,1.517363448303021,23.353538986304414
287,-37.860036470364165,-37.13004858399562,29.396351134967873
288,-52.36371428323291,7.9983458120857645,23.826531234087728
289,9.669526267152834,0.2918666401086494,32.64576371602709
290,9.58668421791168,-12.517138920369526,1.941668486972418
291,-11.357164519797639,-74.24764411014202,21.703919580522918
292,9.252104283173542,8.62173748163241,19.581452900377673
293,-70.60909759552511,-1.1318305305179148,29.56659453956626
294,8.444017695460063,-49.91224442514692,14.923240244792643
295,9.086674102070946,8.831730164560833,13.238555138692597
296,5.012517966489439,9.522165331010326,19.122101842147675
297,9.144431492746074,-22.204804209791597,20.868528820133402
298,-63.88400155881455,-10.893824164222973,29.808951960748807
299,9.799512621549288,-25.693621762175127,33.104512830912654
300,7.706858865331133,9.966283643752194,32.15408881151454
301,6.369674991992545,9.591358015645996,25.266782394216765
302,7.145271815408856,-58.1542476982796,2.6378213054276927
303,9.571444733774213,8.020938507607758,32.48988542394052
304,-1.884162307906493,8.915446252628088,6.2378118160146165
305,-20.768285926559887,-54.4192999295399,9.491818676397763
306,-11.989415908948825,9.366140244145177,12.248865609434777
307,9.511472033996421,-29.753265223985014,14.86756539063681
308,9.92043503918734,-5.907284490697309,26.95734298068121
309,-70.46313658988481,-2.426807390290758,10.923033082415682
310,-25.79484136951766,-48.59357594816197,22.26996950704676
311,-25.062543975497988,-50.32356435007067,15.99139930899532
312,4.373814738719622,9.548309086287427,25.226261027843236
313,9.147397070359718,8.54490745816423,25.707680398342447
314,9.206837443092374,-33.12317207943175,21.34285251320873
315,3.505993670942093,-68.79987859086303,15.700825680159491
316,8.232691538163602,9.221083828943,0.7774250600988175
317,6.240723346670881,-62.75830701773016,15.28132238854523
318,-15.242214881096457,-59.18366127259156,15.925914983905823
319,9.772900184650924,-0.9067769550884215,20.177676448634486
320,-62.8506913991405,-11.659337314906363,10.892546611301139
321,8.75918189247981,9.149776894503459,25.56122218504629
322,9.717243449189384,4.195989069968855,32.81695448633313
323,0.8850781959888891,-71.66538484516069,28.249439820605396
324,-70.77577204510831,0.5771620656519882,29.90294960655018
325,-10.833163589416584,9.681664057595183,24.98599014139916
326,8.968963171996661,8.680203269562979,1.0947760158838147
327,9.462822757362977,5.450820502535743,1.336201841554157
328,-11.567455272235634,-62.22102418571357,16.222461919355343
329,-44.47323823150917,-29.477750661411687,16.37460395701647
330,-10.56174166393608,-74.8679682851406,11.597035936922882
331,-55.857025292288846,7.434734073065245,17.76426094540863
332,9.614521510746888,-12.04995071623236,1.9386249371658302
333,-28.36305847574892,9.469754544001587,30.892887319702954
334,7.887934414973989,-54.76496624359035,2.4924298053833454
335,9.210931970191728,-25.605778664563704,21.006036219473277
336,9.738644685980725,-21.22302349520593,33.61108639533792
337,0.7581369873982009,-70.68946778973047,34.70272926326853
338,8.582523950887824,8.823954990997292,7.065682972291986
339,-4.002137513047145,9.645525728464003,25.128528343736484
340,-15.000382530272994,9.498897784652444,24.71134654755549
341,9.354413440115641,6.407897627593917,25.99894879600301
342,-38.285368640926464,-36.62465202242795,29.465579055606014
343,-50.83954580770383,7.933161448764851,5.264888000695466
344,-54.93360287218039,-19.911429662866848,4.209958193472703
345,9.50865582677122,6.891781983184744,19.805304252794592
346,9.586762408065278,-10.69427168551005,27.126053353527315
347,2.8127349279630547,9.421601537579788,6.403048749666139
348,1.4469891171273463,9.745722068115073,25.30417220907615
349,9.613346221980875,-14.672195409134613,8.128135530618078
350,8.529491937459897,-50.17699971610992,34.38290576829309
351,-69.75049770511161,2.669731761253084,10.719160427376716
352,11.29435989125034,-34.64173869123894,1.3334295000242626
353,-65.76670637322111,-8.684391540349491,29.839235891992573
354,-57.72981530101392,11.17813584532121,10.533670075268024
355,-70.68015561635251,1.2165052951092097,10.846151451040043
356,-43.866392138723334,-31.62442405263278,29.104071304731733
357,-20.935284518143842,9.302372486161689,11.933828614195553
358,8.979499566207666,0.1662243218933419,1.5733269522732183
359,-28.74112425065053,9.461677496928834,5.6877506954559784
360,9.30485298542573,7.637034074155606,25.877599080920554
361,-32.993800291643645,-41.58585777842592,10.244654854754144
362,-15.053908182491124,9.379680420112118,12.134285144748905
363,-30.3495647312713,-44.13319575395089,28.91745141644153
364,-38.66866503680581,8.67663407648377,30.39184884863101
365,-54.118505560457784,-21.859705381998364,29.204983361352966
366,-44.9274233598748,-28.867569949847983,10.556252755153846
367,9.707668355235734,-30.517621598023442,33.51996067243624
368,7.317381669655854,-56.4959389876256,21.62336951986174
369,9.156609748030816,7.6520277349690655,7.2925220433915765
370,8.810694415762294,9.693079988208604,32.244248458879056
371,-59.40568118889943,6.551576439091177,29.7244160921411
372,-7.192650976234951,-69.08228691583773,14.895335948003376
373,7.129671548802401,9.596751008395847,19.29626174779
374,5.59721969483388,9.446000545688074,6.659382044290252
375,9.78187781971429,-0.25818725162455713,20.119295081329824
376,-38.13919954622455,-36.78433281709046,29.452005705554072
377,-29.544480071505156,-44.9938934383373,29.052913877504263
378,9.715469881198258,-3.964425019647436,20.640226683546118
379,-56.87198220210806,-19.009458917963354,16.77135797176427
380,-11.390451046910071,9.386015924363138,12.258245025994535
381,-6.758432087795408,-71.1954175077382,8.012322926848695
382,-14.442452894901706,9.33687518157753,31.062796291118136
383,9.011859047536293,8.61824640315285,1.1164373271558823
384,9.264470506557197,8.572408054871596,19.586294566553892
385,9.241937858132081,-15.655684116785833,1.9718758244196923
386,-53.40163489886784,-21.40936224951096,4.281848395453739
387,9.806385181392047,-12.55319727498732,20.50136055322263
388,9.575426069156856,-32.008543039487044,33.71596469587237
389,7.012701879379394,9.589763595062243,19.28700534377255
390,9.061332171483608,-36.62204609758061,27.626382702763042
391,7.855243361648464,9.08894055749572,6.933492805137151
392,9.23183767119898,9.399226745383634,32.31891646726388
393,-11.905368058103127,-63.70145745933682,28.557948420406348
394,8.043848520988684,-51.15750761318504,9.248993481866997
395,8.728261271765982,9.169324779420327,25.550180556464333
396,7.709847392724649,9.531139695646266,25.401409042733356
397,-7.471760710173548,9.720782863673845,18.779801861501372
398,-51.06587375731621,8.164105931152191,17.684379319822977
399,8.314169591336539,-52.217385092498596,2.359219258955358
400,-29.869705479176822,9.138006032147663,24.229553635143617
401,4.09942487717956,9.669116605241753,31.935632517584054
402,4.785390259445608,-66.28705388177305,21.445045692902532
403,9.477244602522612,-6.3604971977754445,20.799558324208434
404,8.974543282607721,-41.70725038967234,8.432728237929844
405,9.310776058755517,7.841557136908255,1.2767289650090614
406,-48.450590731828555,8.42648743360631,24.040918764387165
407,-7.236655882341875,-67.70108494499217,34.77105342654586
408,9.71324059851012,4.129106478473107,32.816360631298444
409,9.583204447697417,-10.41523409286447,33.51224025953136
410,9.467443126031371,4.030758886050586,26.268336185922685
411,6.549764227072364,9.306965115255379,6.79533030902372
412,-42.340811242491164,-34.41805623203636,23.5118649606352
413,7.625547885918712,9.547553693633487,25.391706959669627
414,8.142188668275478,-56.827890358416525,27.976052740058464
415,9.433366702943749,5.536076018485085,7.628852478899567
416,1.2761962313235138,-70.30542951407078,9.388432367067148
417,-10.719134457565534,-72.02397033851489,13.683973753764668
418,9.427286174965433,-14.217358251605166,1.9417313558943086
419,8.94843494718346,0.009223839223334807,1.5710655658610708
420,-68.91408863347377,3.860183951175541,10.741650184818871
421,-69.70223589982908,-3.2642148258588275,29.650397226852906
422,-27.9592321380453,-46.94987342113571,9.888540461715031
423,-5.901130479629412,9.262912140674919,30.834358937888574
424,9.341984945858625,6.488804692947509,7.462600230566327
425,9.233210367486999,-15.689656795063685,1.9733367084627709
426,-70.7413346875389,-1.225643312812645,22.960611872062245
427,6.727626413021051,9.589163644684879,19.261402765992937
428,8.193729154771875,-49.48615116489102,9.124938450773337
429,4.992808114786909,-66.04714108735116,2.8148130106527187
430,8.638178076321195,9.199324170770032,13.098657476123662
431,-63.14943968187503,-11.996408431921026,29.84785831828013
432,-69.76989751049045,-3.769659049563046,10.610502144589855
433,-60.41409303271135,-14.381657812483404,10.838515139570532
434,-25.482909707140777,-48.008893476866085,3.979634625055038
435,-10.894344121934678,-63.101740124754926,16.170143083934057
436,-5.173240413594214,9.053794193055522,12.03940154842871
437,5.076572532661084,9.474256381166777,6.570976342690303
438,5.0906840609808786,9.428782473329994,0.24790791295987447
439,9.447994429058786,6.884311177375549,1.3124937589000467
440,-29.470967144690064,9.353920178024973,17.924636413576987
441,9.582743454458525,-23.67760222972027,14.748450174349589
442,-56.5219672273157,7.006385034271959,29.754238937272323
443,8.794569812528847,-43.661919977628486,21.124264822542184
444,9.37576171469089,-32.93650066418883,14.904629020986388
445,4.135228321204744,9.675068030013703,31.939040513394197
446,8.248792119037082,-52.62856005908454,2.380749612270387
447,1.6630539444494072,-71.44070035324403,28.257583959661588
448,-51.83519063420362,-22.80673568937084,22.921473813891314
449,9.536113670176002,2.420547617883818,26.49887846790991
450,9.458308831731353,-12.831073241196066,33.41985327599558
451,9.65289487412304,-6.510269475102342,8.160950461523607
452,-10.222460548257441,-64.97270920243089,28.58651227665858
453,-56.65709241803319,-19.637164400561687,22.838547913944456
454,-59.97423879887478,-14.5717530875852,4.254570219295852
455,-43.906699967671805,8.718472198358542,11.856923983006235
456,9.145910216831153,8.886907349624375,19.546310518924773
457,-50.1788155567275,7.883146269359232,11.617975607181315
458,0.28656795446939576,9.78283891437844,25.309961400578153
459,-18.281346779514898,-56.83585606053745,22.771397989767273
460,-23.656525247111624,9.444142069586304,18.182805464378113
461,-36.814043997389916,9.010607937695019,24.44815007272184
462,-52.741487282290834,-21.332146573659863,10.625142743269802
463,-42.915595600851134,-41.84721410560939,24.810490988905592
464,-6.546141654685355,9.207883626536857,12.111195567102806
465,9.819952266918877,-12.443531157293263,27.134078219309608
466,-69.4981055788028,-4.09449222292489,23.229022636833577
467,1.6209238170871494,-70.18124885263398,9.407149526939548
468,-35.7126788872035,9.362714282267797,4.903148115072687
469,9.514741277025378,2.7252527120657373,26.47202560235556
470,9.258647553166517,8.580627839270347,19.585176534789532
471,-43.418283993856555,-32.29386450054411,29.140627851630125
472,-14.993402459910822,-60.19209164908565,34.90894803701602
473,8.271614923084256,8.961664899084768,7.000023268547375
474,-59.57467086392888,8.71653268457897,11.321838885816481
475,-12.141959902238117,-63.513997780352156,28.55745228325216
476,9.258044805503319,7.062996689421011,7.372710254047716
477,9.399440420191725,-17.429961094324796,14.295524423285947
478,9.094278700376103,-2.9984746477975914,1.6960302980060025
479,2.585652868681562,-69.94733688186585,15.81477621549276
480,-66.44026262633783,6.074936042709014,24.099042376427427
481,-70.45488148615037,-2.416247118065659,10.924144621076683
482,9.52432729584284,6.759015158332344,13.637499777220578
483,2.2854211971800957,9.667687007920003,0.16151447751503767
484,-69.74670435459092,-3.1683813340695117,29.639112627576523
485,9.256355474520722,-30.688394383012465,27.391181346694964
486,-15.32978232924372,9.373714236633292,12.13791570510919
487,-9.154373277137315,9.190063689752316,30.932702818962277
488,9.78091775678177,-2.033571766829297,20.35094261149855
489,-65.93032331413725,-8.25603850808726,10.741943424511925
490,-69.99294521363687,2.3224255966961334,10.732635397098676
491,7.628250044202238,-55.99561805065803,2.5527716145275843
492,-69.86201754649451,-2.6865412196385314,16.83730273509071
493,-24.60607016562986,-49.484349146696914,28.975819105762717
494,0.9728045368437641,9.15405600783921,6.3328245697109775
495,7.248342442211991,9.392238516981164,12.903136511233757
496,4.014113005749735,9.665282191566435,31.927786460295735
497,6.5790826395838256,9.430892224881005,0.3659534530874211
498,5.588860223128128,-64.39308910437434,2.7677915516392897
499,9.065756898392943,-39.83685470486158,8.388628945423351
500,1.0795708178397554,9.762792748274803,25.303758286054048
501,9.011773537627944,8.204689655683103,7.215429802188009
502,7.775511002719133,9.970480578848614,32.158596415093996
503,-58.303432662138,7.481781750938543,23.986720583624994
504,5.312908289283742,9.428959566033535,0.2561247356859937
505,8.88185436979773,-19.06533915062463,2.1541977504604386
506,9.484516542131162,-1.3917161505424414,7.947103482132789
507,9.752889726359017,1.6101022161316845,20.10286879924713
508,1.6199507811646896,-70.44029477512673,34.65051737131618
509,-0.0052555750733649376,10.091589078149171,0.16677050397128923
510,-66.29144191990626,-7.996505269440741,10.688975836155656
511,0.9574100550161955,-71.13349695849922,15.845182543988617
512,9.576408820091428,8.1916455496648,32.476281445134006
513,9.323273938401007,8.27812670648231,19.622720507881787
514,9.575539132568343,-10.450555705806522,27.130507107347547
515,-1.513634548155034,-70.7214452387602,28.385220564220685
516,-40.69116696406405,-33.34341563202957,16.238420010694693
517,9.515242435589107,6.063328947284736,13.747011348440004
518,3.4222800669747517,9.583371193169656,31.86329562897422
519,7.128847449021704,9.43236913088086,0.46532161737215816
520,-64.54803516224759,-10.065136755005913,29.791546767458712
521,9.389839760980353,-43.60219066737252,2.5548354341942545
522,8.59869654705516,-48.868101069765856,34.51990240651365
523,9.48566286939356,0.6461334927720674,14.087873826438628
524,-0.23070391171179594,-70.89116417661815,3.0298597526600854
525,-11.437692409169022,-65.18370772881916,22.3074680307032
526,8.90473275410291,-45.489027307745545,2.4321037825740657
527,5.706675974181122,-62.719513732474915,34.59549753023582
528,-27.962214223746365,-46.44652672300339,29.130861977273227
529,-2.915819680654458,-70.43618021944751,16.083582907378936
530,-68.95910895719246,-5.147677118946051,23.31003302837484
531,9.50066377172116,7.311930961289521,13.537488430245276
532,-9.752729569924327,-65.2479914170336,3.436301319571559
533,-9.24336649889911,9.287372310958704,6.019327157347725
534,6.275465569087016,-62.66135770402307,15.279230419256962
535,8.948768227146653,8.99379897126556,13.190269426723455
536,-31.663217364554328,-43.11239633043758,10.297497025443505
537,9.469780927771778,5.183165263108924,1.3470943711568903
538,0.3822330687724005,9.033094078503739,6.3138526749202235
539,10.100690209758747,-13.946325676020875,27.15917576752681
540,-21.28349316890347,9.273926192263177,11.904422472768227
541,6.789992753511173,-59.71121319133752,2.6804286292976887
542,9.620358256075553,5.457291391034049,19.926679287641306
543,9.592331015357216,-26.642216773221268,14.833779894503259
544,-10.908855952569738,-63.856041644544845,35.00074529930563
545,9.480237134716978,7.114191103390551,19.776160640826898
546,-9.484201912126853,9.446137418629869,12.271925195483913
547,5.429038343142109,-65.25353436651903,15.34057068755917
548,8.412153791073562,9.151294201861814,0.8421597539902272
549,-70.3437830285835,-2.6819220407166693,10.869346765601609
550,-33.14813367460597,9.079844060178994,24.359291494470174
551,9.092497915882761,-44.37098469819871,2.5511561190180476
552,-2.698594954095096,9.767200901752473,25.28154373731047
553,5.969354962154901,-63.05782856476773,2.7404702772467164
554,-19.453726544007523,9.626440313970479,18.229394299039967
555,-69.97646232772766,-3.4041800405700933,10.697914251678174
556,-70.49814103532326,-1.530146297084542,29.54033807013754
557,-70.35522633013623,2.4102744170413946,30.280209083477708
558,9.579683010292948,-23.537044408589356,14.73611861390673
559,-54.245966845015985,8.03629033501395,5.403909067018892
560,8.039590026494436,9.935451980764642,32.174262578111495
561,-11.241279250093887,-64.3530612403426,9.777062566523764
562,6.721774404138424,9.44589270734327,12.899001956775807
563,9.264179099386931,-18.244580847472665,20.640365669500415
564,9.839320267367777,-2.4025955726041577,26.76491051803984
565,-11.577204468727183,-66.29161548874006,22.278797562251018
566,0.2530715703435984,-70.8700149169648,3.031494664065587
567,-52.85894563135885,7.632468962897766,30.2078489288446
568,-59.93862223405059,7.638256523615121,5.261914380088427
569,8.806879416625508,-43.76261812723227,21.118231231281015
570,-24.283869992685865,9.462577028914803,18.180748373077243
571,3.5726521321956284,9.587505750891046,25.263986143235975
572,-34.23145897611924,9.435958068908887,5.220954048341104
573,-33.71967016879984,-40.79349752069282,3.50031171038399
574,9.345767896064105,-33.94876922549201,33.666729008057665
575,8.396807177223897,8.923630971847826,7.0241475091134
576,9.5201270503336,-5.160182835246484,33.20297941494433
577,9.90903889416501,-7.321465988796719,1.7133877173695637
578,-4.633974543657972,-69.34944191743433,3.0871674151954736
579,-25.64553664897654,10.029692442961126,31.164520704401806
580,9.725058383157469,4.8832068259860915,32.79131075862685
581,2.592497901006281,-69.93831598556284,15.813899786379867
582,-35.51790549930378,9.37487207136997,4.94685203036823
583,-62.61333479748874,-13.171826908027365,16.893548487710444
584,-66.5797492948126,6.020174441672159,24.096504566843603
585,-59.457301561664,-16.873294943834658,29.584723548185792
586,9.670933548364106,-4.3676713784965,20.695670089767617
587,-15.746862408183404,-60.53314278973235,22.46276631078427
588,9.283001763489692,8.429184013663432,13.329627076362069
589,2.6598148689663415,9.615800877350887,0.17816786413324692
590,7.905067861699196,-54.64862004062166,2.4869036737764834
591,7.443583100165588,9.56266253234248,25.372672713261785
592,1.0484334667391835,9.88364704031917,0.1391059120388256
593,-66.61525699276024,-7.579957684416598,4.457519954633325
594,-43.666591095475006,-31.968808679030865,29.12136846015937
595,-31.70473748492219,9.428128980231092,5.563658530566091
596,-41.4047522464969,8.74746755634389,24.169336644581062
597,-37.095097820648235,9.098135391127224,17.516331006827723
598,9.041850163250528,-2.743332867164689,1.6678576340042497
599,-4.90571547462233,9.27508420824597,30.83882208929553
600,9.610899094407808,-12.527599629689185,8.252059064456427
601,9.51092321398193,-5.5022495478928874,33.26613828145066
602,8.847879847018755,9.0679961536883,25.584574833314946
603,-0.6325411180963467,9.462669013895487,12.48617219741227
604,-67.73426210489399,4.946690168049274,30.09192343678791
605,6.950098241246943,9.590836313140054,25.322307463765885
606,-18.397861535062354,-56.67102606204763,22.793876958175314
607,9.040870026721679,-36.02394444624196,27.638476492064548
608,-61.13552322025483,-14.94074354425792,29.51904972650194
609,-5.178856959336558,8.894970423447058,5.886200138020396
610,-56.930903449414465,-17.680935286951772,4.218727135108029
611,2.6031284595717086,9.402326611931754,6.400841429131784
612,6.39849563941763,-63.265003313212695,8.738230987629171
613,5.876219168326076,-64.0042111361753,15.304699547299585
614,-29.05563463953127,-45.73407255458012,22.384465634966226
615,-0.20238139156622736,-70.7125651795178,21.675734223053198
616,-60.25906088474321,-14.322906234161575,4.251803767647116
617,-70.76241762772779,-1.1365400149284106,22.959516695845842
618,9.406834581944798,-13.908921286562578,33.42854547815506
619,-11.544992793601942,-63.88950549716075,3.6069353087811518
620,-43.9505837239474,-31.459371558039994,29.09371853812349
621,-52.817838516578604,-23.348998963567063,29.06059973164625
622,-22.71551076587894,-51.017461963378025,3.664259523885862
623,-26.716412895567295,9.24157238600811,11.810531445340885
624,-29.965867591322997,-43.94230617604496,16.285983951449367
625,9.396286100507206,-7.117973023827304,14.637914533536502
626,8.566973104875993,8.839796843955883,7.061792889013825
627,9.71127945611626,-13.637479439930003,20.42510952252857
628,-43.892371562762875,7.826445169993276,4.838816536391157
629,8.516721776661528,9.087205889059293,0.8858861511033211
630,5.838816259600625,-62.124987627872706,34.5110159405354
631,-59.27823645160531,-16.39457506177225,23.607170657845344
632,1.4188921089898567,9.80773892714089,0.13838957856532375
633,-34.204871816287344,9.105465967538537,24.45135029057211
634,-5.945377071924181,9.264466203641094,30.834868036749526
635,-54.69788883498843,-20.169278978319145,4.214414236355736
636,9.399860895043025,-7.0394547893269195,14.642570768601235
637,9.407031702646831,8.001906522829822,13.41099025350534
638,-52.25734524973414,-22.51232379752243,22.931338572068007
639,2.0363198721739906,9.719264875076115,25.30355595811104
640,-34.36423365542027,9.104320599378314,17.653004181123777
641,-1.9150773735993631,9.289008641725,12.33757856843439
642,9.491182194019453,7.0725272311038,19.780679709227673
643,-16.7279803034334,-60.052829055390845,3.615756880226362
644,5.519031501305681,-64.87514163070222,28.154146145399594
645,-61.01111583141091,7.173359350446491,23.98096651308488
646,9.19640881074528,-33.23011176157851,27.70557894021827
647,9.489895982458984,5.861355082106721,13.775709228714666
648,3.4500373726445197,-68.91894712310085,34.61473653444791
649,7.809428045246067,9.593830766128532,19.35515426838667
650,-69.35266698223258,-4.022387060283046,16.59932054068365
651,-1.9123456821197724,9.808752722109377,25.332271145245315
652,-37.49744634193236,9.678823047021174,4.511777633732427
653,-63.721996111522714,-11.681261306587018,16.921560052962693
654,7.053521506027112,-60.55973549564006,8.89401062353871
655,-31.23414774760736,-43.22897611510388,28.72619535039988
656,-19.174552324167685,9.437372186306158,12.095517809598396
657,9.143429545406926,8.893670797749165,19.54858589722751
658,17.150420625898704,-44.98997705102383,-1.5402001117676534
659,6.883997292362702,9.266299175890536,6.832718297794523
660,3.7797736728503306,-68.2756950004195,21.51051985743286
661,9.09765795679151,-2.9957967160309344,1.6956593780582647
662,8.04357474909139,-51.15656866918197,9.24885638829609
663,9.789627869851353,-18.992072080403354,8.099181233354976
664,7.647063134637529,9.54891462035666,25.394991449529368
665,9.265499844228026,6.992979280354161,7.382114981262536
666,1.8367325514092858,-70.27402190141687,3.0033192834219715
667,9.471568263115516,-6.158691214765087,20.79586087032305
668,-16.529644492363374,9.514771524883907,31.020874767532085
669,0.5127188096827577,-70.82995887321091,3.0309049186779298
670,-71.01113379152036,2.6447554724915943,23.591615449392904
671,-70.77036852449356,0.6606763373839524,29.923383571165743
672,-28.822665762074024,9.431814739235355,17.982091291725517
673,-48.77719426536008,8.379776093219236,17.595563537482843
674,9.714192691893752,5.124690744879301,32.774353609425475
675,10.239308569925088,-15.736228346348208,27.10800201972519
676,-70.850708074182,-1.1419843899128423,11.06514140008561
677,9.761410670737645,-18.134756687331116,33.81388859986771
678,9.261268692828045,-36.34667296071527,33.743073689408675
679,9.857024938974385,-19.956213004604265,8.173089000044516
680,7.023513097782429,9.243036361728409,6.846164631290389
681,9.264336286043529,6.95456482053592,7.389354914894156
682,-6.170006910646917,9.16399504883004,12.076471918109059
683,-60.530029313409194,7.5681377000429695,5.228594054161912
684,4.5546215876446325,-66.85073338757631,34.63114451733939
685,8.059807562024721,-52.575719712764744,15.059296256616465
686,9.79404723865627,-1.0604028206689318,26.606467300689054
687,9.00132164949301,8.252493953589086,7.208609987468963
688,-0.8401427397870211,-70.76752889185379,34.732863666182084
689,-52.47794143932564,7.774469841269953,11.405270517967049
690,-61.721307124571574,-13.207774924475522,10.739233015405418
691,8.97243352889467,-37.2898863817187,21.296154247797084
692,9.16954025007612,7.594467422137173,7.299833468736301
693,9.370992515820179,-3.6084703972649326,7.919922895873109
694,9.460753187336406,-0.5147838136306717,7.940962326908643
695,-15.514809955984337,-61.459753070186096,3.6424032785876097
696,-4.5201796456812335,9.557887885543062,18.856865547141044
697,-64.03492180452332,-10.625894175430506,4.329607062905334
698,-22.350359989456216,9.571843369725775,5.738881301785716
699,-58.57120113067256,-16.00238152172973,10.967523380833711
700,-4.290567462337202,-69.72435160277008,15.880608378890084
701,-26.546040828647538,9.238436858027947,11.813483628219005
702,9.625516251448358,-9.09602619846736,27.133058502384046
703,9.564445998961974,7.305317962765736,32.55376064041262
704,7.844230693729854,9.345537107888854,0.6482361928430649
705,8.702257347507432,8.727926467979893,7.0996371081155925
706,-36.045141981101004,8.996958273395181,30.497226732256532
707,8.282679826509552,-48.71683229302585,9.023645978526769
708,8.198374228128989,-49.38070429464214,9.11422623705549
709,9.04682805359405,9.550942265364666,32.28265193250637
710,8.413803547229806,-51.30688111269971,2.315722554438336
711,5.681842330248196,9.889698342941346,32.05354740353465
712,7.190043353249104,-56.44841206197868,33.99412654630909
713,9.574154357520731,-24.50107995473384,27.088510447697182
714,-14.166405289054154,9.309122162899401,31.073231163841278
715,5.892656961968305,-63.99744054635614,28.10167151751243
716,9.490296354839705,-30.708380074916494,14.922003961825773
717,9.684243154447826,-11.747543567973398,27.122715556516805
718,0.23209521222968732,8.997147663659215,6.312241645965388
719,-0.05497769511116779,9.533349542181908,12.550963959915407
720,-24.34029609168809,-49.79412555855009,28.966081077197373
721,9.771597821617634,-1.927495425049921,20.33376363914042
722,9.211032128419346,-33.20252388036318,21.344716818727047
723,-38.21169788917793,-35.86974001888596,10.12351514518172
724,8.2121101794903,-56.37395178696848,27.983305547793716
725,3.9506825528488143,9.499784972897379,19.047223749104973
726,9.72691288239851,4.527800412260797,32.809021050664796
727,-42.05576376194211,-34.97614382951758,23.592758285993447
728,-10.035635961788092,-65.90127394962835,15.68468940498414
729,0.015439207820678646,9.49585650666537,31.487177464133694
730,-71.084550026572,-1.2665832945979894,4.50580152303497
731,-67.23119833081404,-7.126105374062208,16.133780252869695
732,2.837837831158673,-69.61996954736684,34.608502609011374
733,9.381131834724203,3.822480834240624,7.804717438839701
734,9.079520370324937,8.026486762209133,7.2409810718305945
735,8.104784363500132,-52.269125111759074,15.040971477963218
736,-70.3302037718398,3.5775434306899907,23.662370513826488
737,9.769877629194037,-1.3734289130017636,20.24347879399413
738,-15.545804656118456,-59.59346921273345,34.84066894732295
739,0.9640788497264534,-70.05110618066126,21.742434594925463
740,9.299365102453327,7.58616012359443,25.88296209568017
741,-48.23462668749504,8.424819319870748,17.56945574537586
742,9.762209806377479,-24.287541861113105,33.277544189344624
743,8.808416120609698,-43.924518303256086,21.10585626874402
744,8.522621815384737,-46.230918077294334,34.65844263856035
745,1.8809384995759029,-69.56570905443161,21.748901236596737
746,6.396284249757398,-62.154485554344355,15.27116364295569
747,-36.689647550499956,8.922208772310645,30.416325147472055
748,8.948426166518301,8.71640183538788,1.0799478858452218
749,6.434617742179503,9.477481604387135,12.911150118929989
750,9.818560353498968,-3.5302212815243497,26.848271655323746
751,9.899685774551662,-6.668962774832693,26.909085160785324
752,9.013412946384234,8.204774439581703,7.21202354731747
753,-31.602489481777212,9.17397234398886,17.790191440393613
754,-10.877745932814532,-64.48108582221414,28.56895873590843
755,8.69199271109107,8.731469927658532,7.0954507809206095
756,5.660257951236753,-62.9201790746808,34.6206883798268
757,-21.756041481034657,9.662534272295238,24.654426515269428
758,9.480362206963639,-0.8441566783502505,7.94943703949888
759,-32.04581435273344,-42.16609575094291,16.18065013062258
760,9.570544757800304,-7.375626266616042,20.783546816943375
761,-44.05304591518929,-29.79852120981259,10.521933229828381
762,-70.9484921668011,0.3617674426446609,17.509015959325023
763,15.243993942352107,-41.02824423065786,-0.6071304308580103
764,-38.48038441648212,8.706616799520882,30.38315035053691
765,9.760317151901058,-2.6269658984807425,20.442878478261377
766,9.755419991802997,1.492776818122005,20.103229981459766
767,-69.317112181616,3.3035795560021004,10.719103252349637
768,1.8193457582782333,9.672395908034884,12.700235324046165
769,-5.647645077662928,-67.53561527378832,28.25003613029052
770,-56.16911135202978,-20.134071456459715,22.687980702200996
771,-49.40605853173065,-24.8343078834221,22.810897097353646
772,-1.4615730017964008,-70.88510726416352,21.658883920810432
773,-70.82023811148994,-0.9750027419422658,22.9575313465938
774,9.815587044383163,-3.529903737495701,26.8480483192686
775,-29.03552304638354,9.400849044341362,17.963385704394774
776,9.649814712178292,5.824173478967081,32.713260744474496
777,-6.635841861835791,9.226521362074743,12.120229204805803
778,5.686805706791171,-64.0992484581721,2.7606694492925925
779,6.119079704803292,-63.18903666599406,15.288956279721866
780,9.571055455446013,6.868522410544658,32.598998932770925
781,-68.04974506746196,-7.029390837129901,23.553464675081813
782,-10.391010095198912,9.433940320080515,12.264041972683504
783,-20.485812552189955,9.938287065452366,31.28098906771728
784,-61.30771459487699,8.233400001811772,11.233500414947496
785,-24.49659271419761,10.219414875932722,31.284790557258034
786,-50.76531271826544,-23.166157178107476,10.510196568867986
787,-51.11628361935373,-23.366131353993865,22.898462715468597
788,9.529812895633844,-28.96363592528408,14.82904928731137
789,-29.91468427087876,9.433900384812555,5.654162186847511
790,7.4726818459883955,9.992153337837715,32.14152973813324
791,6.923085324495416,9.430218969409195,12.896301092193436
792,-21.104624641651363,-53.54699533067353,23.05173723225002
793,-15.889188256159839,-58.8506034139589,9.897925465549084
794,-30.516650584503353,-44.48567695836193,3.725969368051153
795,-63.30011994901389,-11.760955343739845,29.84282543038841
796,6.84559925468322,-58.403254723485325,21.78398882025761
797,-4.721534014641427,9.033094650403156,12.0528468817211
798,9.366137885531797,6.010412758528583,26.026925914670848
799,9.724582988831818,-10.38361928969306,8.336164939209649
800,1.9438109295500592,9.331181854232634,6.377884944829521
801,8.547809676228448,-49.87143227049584,2.2626498136231614
802,-12.255366505251175,-63.48201313363737,3.6585758898137577
803,-70.3177953754581,-2.609593862568172,4.56014275368727
804,4.280643302803414,-67.69057394818321,9.300555781486299
805,9.783483433193611,-25.21400501208987,33.16385300218033
806,9.333378819838915,-17.245170674448396,20.54454942369665
807,-39.74594653404505,-34.341653292909534,16.308006218873192
808,9.57309754343783,2.466351566780423,32.693695891655345
809,9.301715477596238,-30.134890463974166,27.373940088349315
810,9.474704752911608,3.8484434085493877,26.301149617188017
811,-5.7975430088090345,9.633547634019697,18.801573302876218
812,9.776736260608937,-18.255856844396504,33.809784757470084
813,-21.94586620264932,9.46799609462362,18.163570155541628
814,-66.72972232035936,6.082104441639766,4.895190335915846
815,-70.95800705832715,2.776490382086946,23.611701434717794
816,-54.26215682898707,-21.707755416554384,29.229900592283187
817,9.392063788817373,4.013862940243905,7.801385652411437
818,-45.607998356597975,-29.229370192074505,23.17040080610343
819,9.464873133867238,5.502981954121699,1.3339314436179244
820,-13.390438267847298,9.351437042406703,5.817030713538735
821,-59.944238694216175,8.715445556416833,11.321365485717479
822,4.92429366985778,-66.26143627005254,28.252438789796678
823,-4.619005632456795,9.560442944997694,18.849803396656714
824,6.012540869173252,-62.92357452038809,2.737680696273385
825,9.580544851692336,1.3150219204190403,32.6313751298476
826,9.594229958099215,1.078844796365436,32.62885255973265
827,8.847865244431963,9.073104317179235,13.155999978527397
828,9.789106586224042,-9.828059623138351,1.8240235529709974
829,-69.44845811772107,4.139150455791134,4.7570247656187465
830,-64.20035705920455,6.011294805227392,30.12842082836427
831,9.664558654918634,5.666039369640226,32.72828514593701
832,9.203457307668286,8.335824964515934,25.751115947247524
833,9.287330533124416,7.95498749638727,1.2640953884060586
834,-3.433900178216562,-70.01038856314864,3.051890271446844
835,-65.36516490737864,-8.66145547039931,10.818764028801969
836,-71.67503767733616,1.5971284591833292,4.674768142944421
837,-11.656476567304706,9.114039016461684,31.122898894138146
838,9.589357375647344,-1.8841178577199766,14.226368679275602
839,5.152516036708386,-65.64695729570859,2.80204194611213
840,9.29094336549869,6.867813084570811,7.401353015789933
841,9.424619889236505,-33.176631474008204,33.696289653673304
842,9.165172012684762,-32.401378242730566,27.552878435554177
843,-21.463099415064534,9.482456152339454,18.157288203794817
844,-23.190305943686823,9.573021357383832,5.743199730383591
845,-22.404690480826456,10.157173686583986,31.366293366980173
846,1.8891346572144716,-70.60337685888136,15.823852910135894
847,-4.5856050543067655,9.042396865279867,12.059989209961593
848,-31.53077522192963,9.243983724864753,30.913268145945864
849,9.007841315816874,8.924079221449238,13.211692612971916
850,-22.606239238398736,-52.51260092235199,9.7445507457618
851,7.767570756184208,9.523980435582194,25.4084223616911
852,-19.465251251952445,-55.142070834176685,16.27844222464894
853,-14.310342387063777,9.380169062228648,5.797121324763337
854,-0.9042645832200495,-70.46075861061186,9.433840648203091
855,9.448972499352402,7.676403294013371,13.470062664061
856,9.472259973628914,-4.995801922033817,8.016863907686416
857,9.281070864842851,7.9109918909641745,25.833295696246264
858,-10.124530163132183,9.279149319191516,6.016274212408691
859,9.589680832716274,6.406930516149492,32.65130488248369
860,-70.68842286643257,1.2543514309066257,30.06604128802281
861,-49.21394467018747,8.352299556619473,17.61479880599985
862,9.250744157682176,8.12104881193635,25.79574398544132
863,6.612928660766938,9.45110047192757,12.902349234202767
864,-26.67278692824527,9.334839966460558,24.29222830303258
865,-70.9043478511956,2.8930806062693915,23.62741334194378
866,9.739115449370411,-3.6954745560163254,20.600492485814165
867,9.307305793381333,7.6665380017506255,25.87167062143368
868,-68.46120811443947,-5.382758443691543,29.870400594467746
869,2.318150532519061,-70.07010428928737,34.61597187979366
870,9.540317271887266,-0.20492823813519756,14.138506457773254
871,9.490502600351062,3.341667284103222,26.38975074667103
872,5.925849573804429,-63.258968211214885,2.7435053752653342
873,-3.5884269892490055,-69.7561701184029,9.570880453955791
874,9.460279788115097,4.592119513548097,1.3720088545305948
875,-22.57111579019521,-52.561543923119565,9.736385591561067
876,0.7103193760382958,9.505744371636949,31.562170345822494
877,-19.0323818051836,-55.64903686847917,16.27728020633554
878,-2.629923950503265,9.761570112602337,25.28739237939459
879,9.818666882867666,-10.130315911984761,20.605256585674805
880,-2.3399064754845345,9.479931168312076,18.943722490106552
881,-17.509833591278536,9.641843589497485,24.70032540343171
882,9.490276568667921,-1.0565934971732442,7.950825996186968
883,-30.217315427174945,9.261839717079264,30.862372701768987
884,9.34981659781919,-34.31264709744809,8.5990358239803
885,-69.44997819970476,-3.7954705019615123,16.641171032433878
886,9.116323606877826,-34.78330231600291,27.729317666362462
887,9.472746762243352,-16.286978903875344,14.262548235420711
888,9.50077985015909,-21.709498519134364,14.629508292922928
889,-16.805047544488957,-59.24931867103321,22.492098573661828
890,3.2434230147138194,9.683342944739229,12.774757351781139
891,-70.60284355416634,-1.2498106633081267,17.114043070994278
892,9.268968467883917,-35.518262791793276,8.510695984910317
893,3.030390840593464,9.63900027345053,25.28465380830036
894,-69.73056484367952,-3.8219994014093555,10.597696955680377
895,9.708103807320745,-11.424712131597115,14.488228714769306
896,-1.724358913410045,9.816999081012517,25.337501674787354
897,-26.062045040314235,9.544081170429076,5.73800525505515
898,5.336064365025814,9.426977893933076,0.2565747822841331
899,3.6841923384671738,-68.83756329531616,28.378338626912054
900,-67.98295325218744,5.002996797393026,10.824247653356192
